title,price,rating,availability
a light in the attic,51.77,3,in stock
tipping the velvet,53.74,1,in stock
soumission,50.1,1,in stock
sharp objects,47.82,4,in stock
sapiens a brief history of humankind,54.23,5,in stock
the requiem red,22.65,1,in stock
the dirty little secrets of getting your dream job,33.34,4,in stock
the coming woman a novel based on the life of the infamous feminist victoria woodhull,17.93,3,in stock
the boys in the boat nine americans and their epic quest for gold at the 1936 berlin olympics,22.6,4,in stock
the black maria,52.15,1,in stock
starving hearts triangular trade trilogy 1,13.99,2,in stock
shakespeares sonnets,20.66,4,in stock
set me free,17.46,5,in stock
scott pilgrims precious little life scott pilgrim 1,52.29,5,in stock
rip it up and start again,35.02,5,in stock
our band could be your life scenes from the american indie underground 19811991,57.25,3,in stock
olio,23.88,1,in stock
mesaerion the best science fiction stories 18001849,37.59,1,in stock
libertarianism for beginners,51.33,2,in stock
its only the himalayas,45.17,2,in stock
in her wake,12.84,1,in stock
how music works,37.32,2,in stock
foolproof preserving a guide to small batch jams jellies pickles condiments and more a foolproof guide to making small batch jams jellies pickles condiments and more,30.52,3,in stock
chase me paris nights 2,25.27,5,in stock
black dust,34.53,5,in stock
birdsong a story in pictures,54.64,3,in stock
americas cradle of quarterbacks western pennsylvanias football factory from johnny unitas to joe montana,22.5,3,in stock
aladdin and his wonderful lamp,53.13,3,in stock
worlds elsewhere journeys around shakespeares globe,40.3,5,in stock
wall and piece,44.18,4,in stock
the four agreements a practical guide to personal freedom,17.66,5,in stock
the five love languages how to express heartfelt commitment to your mate,31.05,3,in stock
the elephant tree,23.82,5,in stock
the bear and the piano,36.89,1,in stock
sophies world,15.94,5,in stock
penny maybe,33.29,3,in stock
maude 18831993she grew up with the country,18.02,2,in stock
in a dark dark wood,19.63,1,in stock
behind closed doors,52.22,4,in stock
you cant bury them all poems,33.63,2,in stock
slow states of collapse poems,57.31,3,in stock
reasons to stay alive,26.41,2,in stock
private paris private 10,47.61,5,in stock
higherselfie wake up your life free your soul find your tribe,23.11,5,in stock
without borders wanderlove 1,45.07,2,in stock
when we collided,31.77,1,in stock
we love you charlie freeman,50.27,5,in stock
untitled collection sabbath poems 2014,14.27,4,in stock
unseen city the majesty of pigeons the discreet charm of snails  other wonders of the urban wilderness,44.18,4,in stock
unicorn tracks,18.78,3,in stock
unbound how eight technologies made us human transformed society and brought our world to the brink,25.52,1,in stock
tsubasa world chronicle 2 tsubasa world chronicle 2,16.28,1,in stock
throwing rocks at the google bus how growth became the enemy of prosperity,31.12,3,in stock
this one summer,19.49,4,in stock
thirst,17.27,5,in stock
the torch is passed a harding family story,19.09,1,in stock
the secret of dreadwillow carse,56.13,1,in stock
the pioneer woman cooks dinnertime comfort classics freezer food 16minute meals and other delicious ways to solve supper,56.41,1,in stock
the past never ends,56.5,4,in stock
the natural history of us the fine art of pretending 2,45.22,3,in stock
the nameless city the nameless city 1,38.16,4,in stock
the murder that never was forensic instincts 5,54.11,3,in stock
the most perfect thing inside and outside a birds egg,42.96,4,in stock
the mindfulness and acceptance workbook for anxiety a guide to breaking free from anxiety phobias and worry using acceptance and commitment therapy,23.89,4,in stock
the lifechanging magic of tidying up the japanese art of decluttering and organizing,16.77,3,in stock
the inefficiency assassin time management tactics for working smarter not longer,20.59,5,in stock
the gutsy girl escapades for your life of epic adventure,37.13,1,in stock
the electric pencil drawings from inside state hospital no 3,56.06,1,in stock
the death of humanity and the case for life,58.11,4,in stock
the bulletproof diet lose up to a pound a day reclaim energy and focus upgrade your life,49.05,3,in stock
the art forger,40.76,3,in stock
the age of genius the seventeenth century and the birth of the modern mind,19.73,1,in stock
the activists tao te ching ancient advice for a modern revolution,32.24,5,in stock
spark joy an illustrated master class on the art of organizing and tidying up,41.83,4,in stock
soul reader,39.58,2,in stock
security,39.25,2,in stock
saga volume 6 saga collected editions 6,25.02,3,in stock
saga volume 5 saga collected editions 5,51.04,2,in stock
reskilling america learning to labor in the twentyfirst century,19.83,2,in stock
rat queens vol 3 demons rat queens collected editions 1115,50.4,3,in stock
princess jellyfish 2in1 omnibus vol 01 princess jellyfish 2in1 omnibus 1,13.61,5,in stock
princess between worlds wideawake princess 5,13.34,5,in stock
pop gun war volume 1 gift,18.97,1,in stock
political suicide missteps peccadilloes bad calls backroom hijinx sordid pasts rotten breaks and just plain dumb mistakes in the annals of american politics,36.28,2,in stock
patience,10.16,3,in stock
outcast vol 1 a darkness surrounds him outcast 1,15.44,4,in stock
orange the complete collection 1 orange the complete collection 1,48.41,1,in stock
online marketing for busy authors a stepbystep guide,46.35,1,in stock
on a midnight clear,14.07,3,in stock
obsidian lux 1,14.86,2,in stock
my paris kitchen recipes and stories,33.37,2,in stock
masks and shadows,56.4,2,in stock
mama tried traditional italian cooking for the screwed crude vegan and tattooed,14.02,4,in stock
lumberjanes vol 2 friendship to the max lumberjanes 58,46.91,2,in stock
lumberjanes vol 1 beware the kitten holy lumberjanes 14,45.61,3,in stock
lumberjanes vol 3 a terrible plan lumberjanes 912,19.92,2,in stock
layered baking building and styling spectacular cakes,40.11,1,in stock
judo seven steps to black belt an introductory guide for beginners,53.9,2,in stock
join,35.67,5,in stock
in the country we love my family divided,22.0,4,in stock
immunity how elie metchnikoff changed the course of modern medicine,57.36,5,in stock
i hate fairyland vol 1 madly ever after i hate fairyland compilations 15,29.17,2,in stock
i am a hero omnibus volume 1,54.63,3,in stock
how to be miserable 40 strategies you already use,46.03,1,in stock
her backup boyfriend the sorensen family 1,33.97,1,in stock
giant days vol 2 giant days 58,22.11,2,in stock
forever and forever the courtship of henry longfellow and fanny appleton,29.69,3,in stock
first and first five boroughs 3,15.97,4,in stock
fifty shades darker fifty shades 2,21.96,1,in stock
everydata the misinformation hidden in the little data you consume every day,54.35,2,in stock
dont be a jerk and other practical advice from dogen japans greatest zen master,37.97,2,in stock
danganronpa volume 1,51.99,4,in stock
crown of midnight throne of glass 2,43.29,3,in stock
codename baboushka volume 1 the conclave of death,36.72,4,in stock
camp midnight,17.08,4,in stock
call the nurse true stories of a country nurse on a scottish isle,29.14,5,in stock
burning,28.81,3,in stock
bossypants,49.46,2,in stock
bitch planet vol 1 extraordinary machine bitch planet collected editions,37.92,2,in stock
avatar the last airbender smoke and shadow part 3 smoke and shadow 3,28.09,2,in stock
algorithms to live by the computer science of human decisions,30.81,1,in stock
a world of flavor your gluten free passport,42.95,1,in stock
a piece of sky a grain of rice a memoir in four meditations,56.76,5,in stock
a murder in time,16.64,1,in stock
a flight of arrows the pathfinders 2,55.53,5,in stock
a fierce and subtle poison,28.13,4,in stock
a court of thorns and roses a court of thorns and roses 1,52.37,1,in stock
unqualified how god uses broken people to do big things,54.0,5,in stock
you are what you love the spiritual power of habit,21.87,4,in stock
william shakespeares star wars verily a new hope william shakespeares star wars 4,43.3,4,in stock
tuesday nights in 1980,21.04,2,in stock
tracing numbers on a train,41.6,3,in stock
throne of glass throne of glass 1,35.07,3,in stock
thomas jefferson and the tripoli pirates the forgotten war that changed american history,59.64,1,in stock
thirteen reasons why,52.72,1,in stock
the white cat and the monk a retelling of the poem pangur bn,58.08,4,in stock
the wedding dress,24.12,1,in stock
the vacationers,42.15,4,in stock
the third wave an entrepreneurs vision of the future,12.61,5,in stock
the stranger,17.44,4,in stock
the shadow hero the shadow hero,33.14,1,in stock
the secret the secret 1,27.37,4,in stock
the regional office is under attack,51.36,5,in stock
the psychopath test a journey through the madness industry,36.0,2,in stock
the project,10.65,1,in stock
the power of now a guide to spiritual enlightenment,43.54,2,in stock
the omnivores dilemma a natural history of four meals,38.21,2,in stock
the nerdy nummies cookbook sweet treats for the geek in all of us,37.34,5,in stock
the murder of roger ackroyd hercule poirot 4,44.1,4,in stock
the mistake offcampus 2,43.29,3,in stock
the matchmakers playbook wingmen inc 1,55.85,1,in stock
the love and lemons cookbook an appletozucchini celebration of impromptu cooking,37.6,2,in stock
the long shadow of small ghosts murder and memory in an american city,10.97,1,in stock
the kite runner,41.82,4,in stock
the house by the lake,36.95,1,in stock
the glittering court the glittering court 1,44.28,1,in stock
the girl on the train,55.02,2,in stock
the genius of birds,17.24,1,in stock
the emerald mystery,23.15,2,in stock
the cookies  cups cookbook 125 sweet  savory recipes reminding you to always eat dessert first,41.25,1,in stock
the bridge to consciousness im writing the bridge between science and our old and new beliefs,32.0,3,in stock
the artists way a spiritual path to higher creativity,38.49,5,in stock
the art of war,33.34,5,in stock
the argonauts,10.93,2,in stock
the 10 entrepreneur live your startup dream without quitting your day job,27.55,3,in stock
suddenly in love lake haven 1,55.99,2,in stock
something more than this,16.24,4,in stock
soft apocalypse,26.12,2,in stock
so youve been publicly shamed,12.23,2,in stock
shoe dog a memoir by the creator of nike,23.99,2,in stock
shobu samurai project aryoku 3,29.06,3,in stock
secrets and lace fatal hearts 1,20.27,1,in stock
scarlett epstein hates it here,43.55,5,in stock
romero and juliet a tragic tale of love and zombies,36.94,1,in stock
redeeming love,20.47,5,in stock
poses for artists volume 1  dynamic and sitting poses an essential reference for figure drawing and the human form,41.06,1,in stock
poems that make grown women cry,14.19,4,in stock
nightingale sing,38.28,1,in stock
night sky with exit wounds,41.05,1,in stock
mrs houdini,30.25,5,in stock
modern romance,28.26,5,in stock
miss peregrines home for peculiar children miss peregrines peculiar children 1,10.76,1,in stock
louisa the extraordinary life of mrs adams,16.85,2,in stock
little red,13.47,3,in stock
library of souls miss peregrines peculiar children 3,48.56,5,in stock
large print heart of the pride,19.15,2,in stock
i had a nice time and other lies how to find love  sht like that,57.36,4,in stock
hollow city miss peregrines peculiar children 2,42.98,1,in stock
grumbles,22.16,2,in stock
full moon over noahs ark an odyssey to mount ararat and beyond,49.43,4,in stock
frostbite vampire academy 2,29.99,5,in stock
follow you home,21.36,1,in stock
first steps for new christians print edition,29.0,1,in stock
finders keepers bill hodges trilogy 2,53.53,5,in stock
fables vol 1 legends in exile fables 1,41.62,4,in stock
eureka trivia 60,54.59,4,in stock
drive the surprising truth about what motivates us,34.95,4,in stock
done rubbed out reightman  bailey 1,37.72,5,in stock
doing it over most likely to 1,35.61,3,in stock
deliciously ella every day quick and easy recipes for glutenfree snacks packed lunches and simple meals,42.16,3,in stock
dark notes,19.19,5,in stock
daring greatly how the courage to be vulnerable transforms the way we live love parent and lead,19.43,3,in stock
close to you,49.46,4,in stock
chasing heaven what dying taught me about living,37.8,2,in stock
big magic creative living beyond fear,30.8,3,in stock
becoming wise an inquiry into the mystery and art of living,27.43,2,in stock
beauty restored riley family legacy novellas 3,11.11,2,in stock
batman the long halloween batman,36.5,2,in stock
batman the dark knight returns batman,15.38,5,in stock
ayumis violin,15.48,2,in stock
anonymous,46.82,4,in stock
amy meets the saints and sages,18.46,3,in stock
amid the chaos,36.58,1,in stock
amatus,50.54,5,in stock
agnostic a spirited manifesto,12.51,5,in stock
zealot the life and times of jesus of nazareth,24.7,3,in stock
you you 1,43.61,5,in stock
wonder woman earth one volume one wonder woman earth one 1,37.34,4,in stock
wild swans,14.36,2,in stock
why the right went wrong conservatismfrom goldwater to the tea party and beyond,52.65,4,in stock
whole lotta creativity going on 60 fun and unusual exercises to awaken and strengthen your creativity,38.2,4,in stock
whats it like in space stories from astronauts whove been there,19.6,2,in stock
we are robin vol 1 the vigilante business we are robin 1,53.9,1,in stock
walt disneys alice in wonderland,12.96,5,in stock
v for vendetta v for vendetta complete,37.1,4,in stock
until friday night the field party 1,46.31,2,in stock
unbroken a world war ii story of survival resilience and redemption,45.95,2,in stock
twenty yawns,22.08,2,in stock
through the woods,25.38,2,in stock
this is where it ends,27.12,2,in stock
the year of magical thinking,43.04,2,in stock
the wright brothers,56.8,4,in stock
the white queen the cousins war 1,25.91,5,in stock
the wedding pact the omalleys 2,32.61,3,in stock
the time keeper,27.88,5,in stock
the testament of mary,52.67,4,in stock
the startouched queen,46.02,5,in stock
the songs of the gods,44.48,5,in stock
the song of achilles,37.4,5,in stock
the rosie project don tillman 1,54.04,1,in stock
the power of habit why we do what we do in life and business,16.88,3,in stock
the marriage of opposites,28.08,4,in stock
the lucifer effect understanding how good people turn evil,10.4,1,in stock
the long haul diary of a wimpy kid 9,44.07,1,in stock
the loney,23.4,1,in stock
the literature book big ideas simply explained,17.43,3,in stock
the last mile amos decker 2,54.21,2,in stock
the immortal life of henrietta lacks,40.67,2,in stock
the hidden oracle the trials of apollo 1,52.26,2,in stock
the help yourself cookbook for kids 60 easy plantbased recipes kids can make to stay healthy and save the earth,28.77,3,in stock
the guilty will robie 4,13.82,2,in stock
the first hostage jb collins 2,25.85,3,in stock
the dovekeepers,48.78,1,in stock
the darkest lie,35.35,5,in stock
the bane chronicles the bane chronicles 111,44.73,4,in stock
the badass librarians of timbuktu and their race to save the worlds most precious manuscripts,15.77,1,in stock
the 14th colony cotton malone 11,39.24,1,in stock
that darkness gardiner and renner 1,13.92,1,in stock
tastes like fear di marnie rome 3,10.69,1,in stock
take me with you,45.21,3,in stock
swell a year of waves,45.58,1,in stock
superman vol 1 before truth superman by gene luen yang 1,11.89,5,in stock
still life with bread crumbs,26.41,3,in stock
steve jobs,39.5,5,in stock
sorting the beef from the bull the science of food fraud forensics,44.74,4,in stock
someone like you the harrisons 2,52.79,5,in stock
so cute it hurts vol 6 so cute it hurts 6,35.43,4,in stock
shtum,55.84,4,in stock
see america a celebration of our national parks  treasured sites,48.87,3,in stock
salt,46.78,4,in stock
robin war,47.82,3,in stock
red hoodarsenal vol 1 open for business red hoodarsenal 1,25.48,2,in stock
rain fish,23.57,3,in stock
quarter life poetry poems for the young broke and hangry,50.89,5,in stock
pet sematary,10.56,3,in stock
overload how to unplug unwind and unleash yourself from the pressure of stress,52.15,3,in stock
once was a time,18.28,2,in stock
old school diary of a wimpy kid 10,11.83,5,in stock
no dream is too high life lessons from a man who walked on the moon,21.95,2,in stock
naruto 3in1 edition vol 14 includes vols 40 41  42 naruto omnibus 14,38.39,2,in stock
my name is lucy barton,41.56,1,in stock
my mrs brown,24.48,3,in stock
my kind of crazy,40.36,1,in stock
mr mercedes bill hodges trilogy 1,28.9,1,in stock
more than music chasing the dream 1,37.61,2,in stock
made to stick why some ideas survive and others die,38.85,5,in stock
luis paints the world,53.95,3,in stock
luckiest girl alive,49.83,3,in stock
lowriders to the center of the earth lowriders in space 2,51.51,2,in stock
love is a mix tape music 1,18.03,1,in stock
looking for lovely collecting the moments that matter,29.14,5,in stock
living leadership by insight a good leader achieves a great leader builds monuments,46.91,4,in stock
let it out a journey through journaling,26.79,5,in stock
lady midnight the dark artifices 1,16.28,5,in stock
its all easy healthy delicious weeknight meals in under 30 minutes,19.55,1,in stock
island of dragons unwanteds 7,29.65,1,in stock
i know what im doing  and other lies i tell myself dispatches from a life under construction,25.98,4,in stock
i am pilgrim pilgrim 1,10.6,4,in stock
hyperbole and a half unfortunate situations flawed coping mechanisms mayhem and other things that happened,14.75,5,in stock
hush hush hush hush 1,47.02,3,in stock
hold your breath search and rescue 1,28.82,1,in stock
hamilton the revolution,58.79,3,in stock
greek mythic history,10.23,5,in stock
god the most unpleasant character in all fiction,30.03,5,in stock
glory over everything beyond the kitchen house,45.84,3,in stock
feathers displays of brilliant plumage,49.05,3,in stock
far  away places on the brink of change seven continents twentyfive years,15.06,4,in stock
every last word,46.47,3,in stock
eligible the austen project 4,27.09,3,in stock
el deafo,57.62,5,in stock
eight hundred grapes,14.39,4,in stock
eaternity more than 150 deliciously easy vegan recipes for a long healthy satisfied joyful life,51.75,5,in stock
eat fat get thin,54.07,2,in stock
dont get caught,55.35,1,in stock
doctor sleep the shining 2,40.12,2,in stock
demigods  magicians percy and annabeth meet the kanes percy jackson  kane chronicles crossover 13,37.51,5,in stock
dear mr knightley,11.21,5,in stock
daily fantasy sports,36.58,1,in stock
crazy love overwhelmed by a relentless god,47.72,2,in stock
cometh the hour the clifton chronicles 6,25.01,3,in stock
code name verity code name verity 1,22.13,4,in stock
clockwork angel the infernal devices 1,44.14,1,in stock
city of glass the mortal instruments 3,56.02,4,in stock
city of fallen angels the mortal instruments 4,11.23,4,in stock
city of bones the mortal instruments 1,43.28,1,in stock
city of ashes the mortal instruments 2,47.27,1,in stock
cell,20.29,4,in stock
catching jordan hundred oaks,50.83,3,in stock
carry on warrior thoughts on life unarmed,31.85,3,in stock
carrie,46.23,2,in stock
buying in the secret dialogue between what we buy and who we are,37.8,4,in stock
brain on fire my month of madness,49.32,5,in stock
batman europa,32.01,2,in stock
barefoot contessa back to basics,28.01,1,in stock
barefoot contessa at home everyday recipes youll make over and over again,50.62,5,in stock
balloon animals,17.03,3,in stock
art ops vol 1,48.8,3,in stock
aristotle and dante discover the secrets of the universe aristotle and dante discover the secrets of the universe 1,58.14,4,in stock
angels walking angels walking 1,34.2,2,in stock
angels  demons robert langdon 1,51.48,3,in stock
all the light we cannot see,29.87,5,in stock
adulthood is a myth a sarahs scribbles collection,10.9,2,in stock
abstract city,56.37,5,in stock
a time of torment charlie parker 14,48.35,5,in stock
a study in scarlet sherlock holmes 1,16.73,2,in stock
a series of catastrophes and miracles a true story of love science and cancer,56.48,2,in stock
a peoples history of the united states,40.79,2,in stock
a man called ove,39.72,1,in stock
a distant mirror the calamitous 14th century,14.58,3,in stock
a brush of wings angels walking 3,55.51,1,in stock
1491 new revelations of the americas before columbus,21.8,3,in stock
the three searches meaning and the story,13.33,3,in stock
searching for meaning in gailana,38.73,1,in stock
rook,37.86,4,in stock
my kitchen year 136 recipes that saved my life,11.53,2,in stock
13 hours the inside account of what really happened in benghazi,27.06,1,in stock
will you wont you want me,13.86,3,in stock
tipping point for planet earth how close are we to the edge,37.55,1,in stock
the startouched queen,32.3,5,in stock
the silent sister riley macpherson 1,46.29,5,in stock
the midnight watch a novel of the titanic and the californian,26.2,1,in stock
the lonely city adventures in the art of being alone,33.26,2,in stock
the gray rhino how to recognize and act on the obvious dangers we ignore,59.15,4,in stock
the golden condom and other essays on love lost and found,39.43,1,in stock
the epidemic the program 06,14.44,5,in stock
the dinner party,56.54,2,in stock
the diary of a young girl,59.9,3,in stock
the children,11.88,3,in stock
stars above the lunar chronicles 45,48.05,2,in stock
snatched how a drug queen went undercover for the dea and was kidnapped by colombian guerillas,21.21,3,in stock
raspberry pi electronics projects for the evil genius,49.67,4,in stock
quench your own thirst business lessons learned over a beer or two,43.14,1,in stock
psycho sanitarium psycho 15,36.97,5,in stock
poisonous max revere novels 3,26.8,3,in stock
one with you crossfire 5,15.71,4,in stock
no love allowed dodge cove 1,54.65,4,in stock
murder at the 42nd street library raymond ambler 1,54.36,4,in stock
most wanted,35.28,3,in stock
love lies and spies,20.55,2,in stock
how to speak golf an illustrated guide to links lingo,58.32,5,in stock
hide away eve duncan 20,11.84,1,in stock
furiously happy a funny book about horrible things,41.46,4,in stock
everyday italian 125 simple and delicious recipes,20.1,5,in stock
equal is unfair americas misguided fight against income inequality,56.86,1,in stock
eleanor  park,56.51,5,in stock
dirty dive bar 1,40.83,4,in stock
can you keep a secret fear street relaunch 4,48.64,1,in stock
boar island anna pigeon 19,59.48,3,in stock
a paris apartment,39.01,4,in stock
a la mode 120 recipes in 60 pairings pies tarts cakes crisps and more topped with ice cream gelato frozen custard and more,38.77,1,in stock
troublemaker surviving hollywood and scientology,48.39,2,in stock
the widow,27.26,2,in stock
the sleep revolution transforming your life one night at a time,11.68,4,in stock
the improbability of love,59.45,1,in stock
the art of startup fundraising,21.0,3,in stock
take me home tonight rock star romance 3,53.98,3,in stock
sleeping giants themis files 1,48.74,1,in stock
setting the world on fire the brief astonishing life of st catherine of siena,21.15,2,in stock
playing with fire,13.71,3,in stock
off the hook fishing for trouble 1,47.67,3,in stock
mothering sunday,13.34,2,in stock
mother can you not,16.89,5,in stock
m train,27.18,1,in stock
lilac girls,17.28,2,in stock
lies and other acts of love,45.14,1,in stock
lab girl,40.85,1,in stock
keep me posted,20.46,4,in stock
it didnt start with you how inherited family trauma shapes who we are and how to end the cycle,56.27,3,in stock
grey fifty shades 4,48.49,4,in stock
exit pursued by a bear,51.34,4,in stock
daredevils,16.34,3,in stock
cravings recipes for what you want to eat,20.5,3,in stock
born for this how to find the work you were meant to do,21.59,5,in stock
arena,21.36,4,in stock
adultery,20.88,5,in stock
a mothers reckoning living in the aftermath of tragedy,19.53,3,in stock
a gentlemans position society of gentlemen 3,14.75,5,in stock
112263,48.48,3,in stock
10 happier how i tamed the voice in my head reduced stress without losing my edge and found selfhelp that actually works,24.57,2,in stock
10day green smoothie cleanse lose up to 15 pounds in 10 days,49.71,5,in stock
without shame,48.27,5,in stock
watchmen,58.05,4,in stock
unlimited intuition now,58.87,4,in stock
underlying notes,11.82,2,in stock
the shack,28.03,1,in stock
the new brand you your new image makes the sale for you,44.05,5,in stock
the moosewood cookbook recipes from moosewood restaurant ithaca new york,12.34,4,in stock
the flowers lied,16.68,2,in stock
the fabric of the cosmos space time and the texture of reality,55.91,1,in stock
the book of mormon,24.57,3,in stock
the art and science of low carbohydrate living,52.98,5,in stock
the alien club,54.4,1,in stock
suzie snowflake one beautiful flake a selfesteem story,54.81,5,in stock
naparoo,25.08,1,in stock
nano what now finding your editing process revising your nanowrimo book and building a writing career through publishing and beyond,10.41,4,in stock
modern day fables,47.44,2,in stock
if i gave you gods phone number searching for spirituality in america,20.91,1,in stock
fruits basket vol 9 fruits basket 9,33.95,4,in stock
dress your family in corduroy and denim,43.68,3,in stock
dont forget steven,33.23,1,in stock
chernobyl 012340 the incredible true story of the worlds worst nuclear disaster,35.92,2,in stock
art and fear observations on the perils and rewards of artmaking,48.63,4,in stock
a shard of ice the black symphony saga 1,56.63,3,in stock
a heros curse the unseen chronicles 1,50.49,3,in stock
23 degrees south a tropical tale of changing whether,35.79,2,in stock
zero to one notes on startups or how to build the future,34.06,3,in stock
why not me,17.76,1,in stock
when breath becomes air,39.36,2,in stock
vagabonding an uncommon guide to the art of longterm world travel,36.94,2,in stock
the unlikely pilgrimage of harold fry harold fry 1,43.62,5,in stock
the new drawing on the right side of the brain,43.02,3,in stock
the midnight assassin panic scandal and the hunt for americas first serial killer,28.45,4,in stock
the martian the martian 1,41.39,2,in stock
the high mountains of portugal,51.15,1,in stock
the grownup,35.88,1,in stock
the emyth revisited why most small businesses dont work and what to do about it,36.91,1,in stock
south of sunshine,28.93,1,in stock
smarter faster better the secrets of being productive in life and business,38.89,5,in stock
silence in the dark logan point 4,58.33,3,in stock
shadows of the past logan point 1,39.67,5,in stock
roller girl,14.1,5,in stock
rising strong,21.82,3,in stock
proofs of god classical arguments from tertullian to barth,54.21,1,in stock
please kill me the uncensored oral history of punk,31.19,4,in stock
out of print city lights spotlight no 14,53.64,5,in stock
my life next door my life next door,36.39,5,in stock
millers valley,58.54,2,in stock
mans search for meaning,29.48,3,in stock
love that boy what two presidents eight road trips and my son taught me about a parents expectations,25.06,2,in stock
living forward a proven plan to stop drifting and get the life you want,12.55,3,in stock
les fleurs du mal,29.04,5,in stock
left behind left behind 1,40.72,2,in stock
kill em and leave searching for james brown and the american soul,45.05,5,in stock
kierkegaard a christian missionary to christians,47.13,1,in stock
john vassos industrial design for modern life,20.22,4,in stock
ill give you the sun,56.48,1,in stock
i will find you,44.21,1,in stock
hystopia a novel,21.96,4,in stock
howl and other poems,40.45,2,in stock
history of beauty,10.29,4,in stock
heaven is for real a little boys astounding story of his trip to heaven and back,52.86,2,in stock
future shock future shock 1,55.65,5,in stock
enders game the ender quintet 1,43.64,1,in stock
diary of a citizen scientist chasing tiger beetles and other new ways of engaging the world,28.41,1,in stock
death by leisure a cautionary tale,37.51,4,in stock
brilliant beacons a history of the american lighthouse,11.45,3,in stock
brazen the courage to find the you thats been hiding,19.22,2,in stock
between the world and me,56.91,4,in stock
being mortal medicine and what matters in the end,55.06,4,in stock
a murder over a girl justice gender junior high,13.2,3,in stock
32 yolks,53.63,2,in stock
most blessed of the patriarchs thomas jefferson and the empire of the imagination,44.48,5,in stock
you are a badass how to stop doubting your greatness and start living an awesome life,12.08,3,in stock
wildlife of new york a fiveborough coloring book,22.14,2,in stock
what happened on beale street secrets of the south mysteries 2,25.37,5,in stock
unreasonable hope finding faith in the god who brings purpose to your pain,46.33,2,in stock
under the tuscan sun,37.33,3,in stock
toddlers are aholes its not your fault,25.55,1,in stock
the year of living biblically one mans humble quest to follow the bible as literally as possible,34.72,1,in stock
the whale,35.96,4,in stock
the story of art,41.14,4,in stock
the origin of species,10.01,4,in stock
the great gatsby,36.05,4,in stock
the good girl,49.03,3,in stock
the glass castle,16.24,1,in stock
the faith of christopher hitchens the restless soul of the worlds most notorious atheist,39.55,1,in stock
the drowning girls,35.67,3,in stock
the constant princess the tudor court 1,16.62,3,in stock
the bourne identity jason bourne 1,42.78,4,in stock
the bachelor girls guide to murder herringford and watts mysteries 1,52.3,5,in stock
the art book,32.34,2,in stock
the 7 habits of highly effective people powerful lessons in personal change,33.17,4,in stock
team of rivals the political genius of abraham lincoln,20.12,5,in stock
steal like an artist 10 things nobody told you about being creative,20.9,2,in stock
sit stay love,20.9,3,in stock
sister dear,40.2,4,in stock
shrunken treasures literary classics short sweet and silly,52.87,3,in stock
rich dad poor dad,51.74,1,in stock
raymie nightingale,34.41,2,in stock
playing from the heart,32.38,1,in stock
nightstruck a novel,50.35,4,in stock
naturally lean 125 nourishing glutenfree plantbased recipesall under 300 calories,11.38,5,in stock
meternity,43.58,3,in stock
memoirs of a geisha,49.67,3,in stock
like never before walker family 2,28.77,2,in stock
life of pi,13.22,4,in stock
leave this song behind teen poetry at its best,51.17,5,in stock
kings folly the kinsman chronicles 1,39.61,5,in stock
john adams,57.43,4,in stock
how to cook everything vegetarian simple meatless recipes for great food how to cook everything,46.01,4,in stock
how to be a domestic goddess baking and the art of comfort cooking,28.25,2,in stock
good in bed cannie shapiro 1,37.05,5,in stock
fruits basket vol 7 fruits basket 7,19.57,1,in stock
for the love fighting for grace in a world of impossible standards,45.13,3,in stock
finding god in the ruins how god redeems pain,46.64,2,in stock
every heart a doorway every heart a doorway 1,12.16,5,in stock
delivering the truth quaker midwife mystery 1,20.89,4,in stock
counted with the stars out from egypt 1,17.97,5,in stock
chronicles vol 1,52.6,2,in stock
blue like jazz nonreligious thoughts on christian spirituality,25.77,1,in stock
benjamin franklin an american life,48.19,3,in stock
at the existentialist caf freedom being and apricot cocktails with jeanpaul sartre simone de beauvoir albert camus martin heidegger edmund husserl karl jaspers maurice merleauponty and others,29.93,5,in stock
a summer in europe,44.34,2,in stock
a short history of nearly everything,52.4,5,in stock
a gathering of shadows shades of magic 2,44.81,4,in stock
the sound of love,57.84,5,in stock
the rise and fall of the third reich a history of nazi germany,39.67,2,in stock
the perks of being a wallflower,55.02,3,in stock
the mysterious affair at styles hercule poirot 1,24.8,4,in stock
the man who mistook his wife for a hat and other clinical tales,59.45,4,in stock
the makings of a fatherless child,31.58,2,in stock
the joy of cooking,43.27,4,in stock
the invention of wings,37.34,1,in stock
the hobbit middleearth universe,17.8,5,in stock
the great railway bazaar,30.54,1,in stock
the golden compass his dark materials 1,18.77,1,in stock
the god delusion,46.85,3,in stock
the girl you left behind the girl you left behind 1,15.79,1,in stock
the fellowship of the ring the lord of the rings 1,10.27,2,in stock
the collected poems of wb yeats the collected works of wb yeats 1,15.42,5,in stock
the barefoot contessa cookbook,59.92,5,in stock
tell the wolves im home,50.96,2,in stock
ship leaves harbor essays on travel by a recovering journeyman,30.6,3,in stock
pride and prejudice,19.27,4,in stock
musicophilia tales of music and the brain,46.58,1,in stock
mere christianity,48.51,3,in stock
me before you me before you 1,19.02,1,in stock
in the woods dublin murder squad 1,38.38,2,in stock
in cold blood,49.98,4,in stock
how to stop worrying and start living,46.49,5,in stock
give it back,18.32,2,in stock
girl interrupted,42.14,3,in stock
fun home a family tragicomic,56.59,4,in stock
fruits basket vol 6 fruits basket 6,20.96,4,in stock
deception point,40.32,4,in stock
death note vol 6 giveandtake death note 6,36.39,3,in stock
catherine the great portrait of a woman,58.55,4,in stock
better homes and gardens new cook book,39.61,3,in stock
an unquiet mind a memoir of moods and madness,21.3,3,in stock
a year in provence provence 1,56.88,4,in stock
world without end the pillars of the earth 2,32.97,4,in stock
will grayson will grayson will grayson will grayson,47.31,4,in stock
why save the bankers and other essays on our economic and political crisis,48.67,2,in stock
where she went if i stay 2,41.73,4,in stock
what if serious scientific answers to absurd hypothetical questions,53.68,4,in stock
two summers,14.64,1,in stock
this is your brain on music the science of a human obsession,38.4,1,in stock
the secret garden,15.08,4,in stock
the raven king the raven cycle 4,30.57,2,in stock
the raven boys the raven cycle 1,57.74,4,in stock
the power greens cookbook 140 delicious superfood recipes,11.05,5,in stock
the metamorphosis,28.58,1,in stock
the mathews men seven brothers and the war against hitlers uboats,42.91,5,in stock
the little paris bookshop,24.73,3,in stock
the hiding place,55.91,4,in stock
the grand design,13.76,3,in stock
the firm,45.56,3,in stock
the fault in our stars,47.22,1,in stock
the false prince the ascendance trilogy 1,56.0,5,in stock
the expatriates,44.58,2,in stock
the dream thieves the raven cycle 2,34.5,1,in stock
the darkest corners,11.33,5,in stock
the crossover,38.77,4,in stock
the 5th wave the 5th wave 1,11.83,2,in stock
tell the wind and fire,45.51,3,in stock
tell me three things,41.81,1,in stock
talking to girls about duran duran one young mans quest for true love and a cooler haircut,25.15,4,in stock
siddhartha,34.22,5,in stock
shiver the wolves of mercy falls 1,16.23,5,in stock
remember me,11.48,3,in stock
red dragon hannibal lecter 1,23.37,3,in stock
peak secrets from the new science of expertise,16.28,2,in stock
my mother was nuts,31.63,4,in stock
mexican today new and rediscovered recipes for contemporary kitchens,24.91,5,in stock
maybe something beautiful how art transformed a neighborhood,22.54,1,in stock
lola and the boy next door anna and the french kiss 2,23.63,4,in stock
logan kade fallen crest high 55,13.12,2,in stock
last one home new beginnings 1,59.98,3,in stock
killing floor jack reacher 1,31.49,4,in stock
kill the boy band,15.52,5,in stock
isla and the happily ever after anna and the french kiss 3,48.13,5,in stock
if i stay if i stay 1,38.13,5,in stock
i know why the caged bird sings maya angelous autobiography 1,36.55,2,in stock
harry potter and the deathly hallows harry potter 7,23.32,1,in stock
fruits basket vol 5 fruits basket 5,16.33,1,in stock
foundation foundation publication order 1,32.42,1,in stock
fool me once,16.96,1,in stock
find her detective dd warren 8,22.37,1,in stock
evicted poverty and profit in the american city,42.27,1,in stock
drama,38.7,2,in stock
dracula the undead,35.63,5,in stock
digital fortress,58.0,5,in stock
death note vol 5 whiteout death note 5,52.41,1,in stock
data a love story how i gamed online dating to meet my match,32.35,3,in stock
critique of pure reason,20.75,1,in stock
booked,17.49,5,in stock
blue lily lily blue the raven cycle 3,34.13,5,in stock
approval junkie adventures in caring too much,58.81,5,in stock
an abundance of katherines,10.0,5,in stock
americas war for the greater middle east a military history,51.22,2,in stock
alight the generations trilogy 2,58.59,4,in stock
a girls guide to moving on new beginnings 2,31.3,1,in stock
a game of thrones a song of ice and fire 1,46.42,2,in stock
a feast for crows a song of ice and fire 4,17.21,4,in stock
a clash of kings a song of ice and fire 2,10.79,3,in stock
vogue colors a to z a fashion coloring book,52.35,4,in stock
the shining the shining 1,27.88,3,in stock
the pilgrims progress,50.26,2,in stock
the perfect play play by play 1,59.99,3,in stock
the passion of dolssa,28.32,5,in stock
the jazz of physics the secret link between music and the structure of the universe,38.71,3,in stock
the hunger games the hunger games 1,29.85,5,in stock
the hound of the baskervilles sherlock holmes 5,14.82,2,in stock
the gunning of america business and the making of american gun culture,16.81,4,in stock
the geography of bliss one grumps search for the happiest places in the world,28.23,2,in stock
the demonists demonist 1,52.11,2,in stock
the demon prince of momochi house vol 4 the demon prince of momochi house 4,27.88,2,in stock
the bone hunters lexy vaughan  steven macaulay 2,59.71,3,in stock
the beast black dagger brotherhood 14,46.08,5,in stock
some women,13.73,5,in stock
shopaholic ties the knot shopaholic 3,48.39,5,in stock
paper and fire the great library 2,49.45,5,in stock
outlander outlander 1,19.67,5,in stock
orchestra of exiles the story of bronislaw huberman the israel philharmonic and the one thousand jews he saved from nazi horrors,12.36,3,in stock
no one here gets out alive,20.02,5,in stock
night shift night shift 120,12.75,4,in stock
needful things,47.51,4,in stock
mockingjay the hunger games 3,20.44,4,in stock
misery,34.79,2,in stock
little women little women 1,28.07,4,in stock
it,25.01,3,in stock
harry potter and the sorcerers stone harry potter 1,13.9,3,in stock
harry potter and the prisoner of azkaban harry potter 3,24.17,4,in stock
harry potter and the order of the phoenix harry potter 5,31.63,4,in stock
harry potter and the halfblood prince harry potter 6,48.75,5,in stock
harry potter and the chamber of secrets harry potter 2,14.74,1,in stock
gone with the wind,32.49,3,in stock
god is not great how religion poisons everything,27.8,1,in stock
girl with a pearl earring,26.77,1,in stock
fruits basket vol 4 fruits basket 4,50.44,4,in stock
far from true promise falls trilogy 2,34.93,2,in stock
dark lover black dagger brotherhood 1,12.87,1,in stock
confessions of a shopaholic shopaholic 1,48.94,2,in stock
changing the game play by play 2,13.38,3,in stock
candide,58.63,3,in stock
can you keep a secret,21.94,1,in stock
atlas shrugged,26.58,5,in stock
animal farm,57.22,3,in stock
a walk to remember,56.43,1,in stock
a new earth awakening to your lifes purpose,55.65,5,in stock
a history of god the 4000year quest of judaism christianity and islam,27.62,1,in stock
salems lot,49.56,4,in stock
zero history blue ant 3,34.77,1,in stock
wuthering heights,17.73,3,in stock
world war z an oral history of the zombie war,21.8,1,in stock
wild from lost to found on the pacific crest trail,46.02,3,in stock
whered you go bernadette,18.13,1,in stock
when you are engulfed in flames,30.89,5,in stock
we the people the modernday figures who have reshaped and affirmed the founding fathers vision of america,31.95,3,in stock
we are all completely beside ourselves,24.04,1,in stock
walk the edge thunder road 2,32.36,3,in stock
voyager outlander 3,21.07,5,in stock
very good lives the fringe benefits of failure and the importance of imagination,50.66,3,in stock
vegan vegetarian omnivore dinner for everyone at the table,13.66,2,in stock
unstuffed decluttering your home mind and soul,58.09,1,in stock
under the banner of heaven a story of violent faith,30.0,1,in stock
two boys kissing,32.74,2,in stock
twilight twilight 1,41.93,2,in stock
twenties girl,42.8,2,in stock
trespassing across america one mans epic neverdonebefore and sort of illegal hike across the heartland,53.51,1,in stock
threemartini lunch,23.21,3,in stock
thinking fast and slow,21.14,1,in stock
the wild robot,56.07,3,in stock
the wicked  the divine vol 3 commercial suicide the wicked  the divine,14.41,3,in stock
the undomestic goddess,45.75,4,in stock
the travelers,15.77,1,in stock
the tipping point how little things can make a big difference,10.02,2,in stock
the thing about jellyfish,48.77,1,in stock
the stand,57.86,2,in stock
the smitten kitchen cookbook,23.59,1,in stock
the silkworm cormoran strike 2,23.05,5,in stock
the sandman vol 3 dream country the sandman volumes 3,55.55,5,in stock
the rose  the dagger the wrath and the dawn 2,58.64,4,in stock
the road to little dribbling adventures of an american in britain notes from a small island 2,23.21,1,in stock
the rise of theodore roosevelt theodore roosevelt 1,42.57,3,in stock
the restaurant at the end of the universe hitchhikers guide to the galaxy 2,10.92,1,in stock
the rest is noise listening to the twentieth century,34.77,1,in stock
the red tent,35.66,5,in stock
the purpose driven life what on earth am i here for,37.19,3,in stock
the purest hook second circle tattoos 3,12.25,1,in stock
the picture of dorian gray,29.7,2,in stock
the paris wife,36.8,3,in stock
the obsession,45.43,1,in stock
the nightingale,26.26,4,in stock
the new guy and other senior year distractions,44.92,3,in stock
the nanny diaries nanny 1,52.53,5,in stock
the name of god is mercy,37.25,2,in stock
the maze runner the maze runner 1,20.93,1,in stock
the lovers dictionary,58.09,2,in stock
the lonely ones,43.59,5,in stock
the lean startup how todays entrepreneurs use continuous innovation to create radically successful businesses,33.92,3,in stock
the last painting of sara de vos,55.55,2,in stock
the land of 10000 madonnas,29.64,4,in stock
the infinities,27.41,1,in stock
the husbands secret,52.51,5,in stock
the hitchhikers guide to the galaxy hitchhikers guide to the galaxy 1,47.8,3,in stock
the guns of august,14.54,2,in stock
the guernsey literary and potato peel pie society,49.53,1,in stock
the goldfinch,43.58,3,in stock
the giver the giver quartet 1,12.3,1,in stock
the girl with all the gifts,49.47,3,in stock
the girl who played with fire millennium trilogy 2,22.14,2,in stock
the girl who kicked the hornets nest millennium trilogy 3,57.48,1,in stock
the exiled,43.45,3,in stock
the end of faith religion terror and the future of reason,22.13,4,in stock
the elegant universe superstrings hidden dimensions and the quest for the ultimate theory,13.03,4,in stock
the disappearing spoon and other true tales of madness love and the history of the world from the periodic table of the elements,57.35,5,in stock
the devil wears prada the devil wears prada 1,44.29,1,in stock
the demonhaunted world science as a candle in the dark,52.25,4,in stock
the day the crayons came home crayons,26.33,5,in stock
the da vinci code robert langdon 2,22.96,2,in stock
the cuckoos calling cormoran strike 1,19.21,1,in stock
the complete stories and poems the works of edgar allan poe cameo edition,26.78,4,in stock
the complete poems,41.32,5,in stock
the catcher in the rye,24.55,1,in stock
the cat in the hat beginner books b1,16.26,2,in stock
the case for christ cases for christianity,47.84,1,in stock
the book thief,53.49,2,in stock
the book of basketball the nba according to the sports guy,44.84,5,in stock
the blind side evolution of a game,53.71,5,in stock
the autobiography of malcolm x,23.43,2,in stock
the art of simple food notes lessons and recipes from a delicious revolution,34.32,3,in stock
the art of fielding,22.1,1,in stock
surely youre joking mr feynman adventures of a curious character,25.83,2,in stock
stiff the curious lives of human cadavers,36.74,3,in stock
spilled milk based on a true story,49.51,1,in stock
something borrowed darcy  rachel 1,48.96,5,in stock
something blue darcy  rachel 2,54.62,1,in stock
soldier talon 3,24.72,2,in stock
shopaholic  baby shopaholic 5,46.45,2,in stock
seven days in the art world,52.33,2,in stock
seven brief lessons on physics,30.6,4,in stock
scarlet the lunar chronicles 2,14.57,4,in stock
sarahs key,46.29,1,in stock
saga volume 3 saga collected editions 3,21.57,5,in stock
running with scissors,12.91,4,in stock
rogue lawyer rogue lawyer 1,50.11,3,in stock
rise of the rocket girls the women who propelled us from missiles to the moon to mars,41.67,4,in stock
rework,44.88,2,in stock
reservations for two,11.1,3,in stock
red the true story of red riding hood,28.54,3,in stock
ready player one,19.07,4,in stock
quiet the power of introverts in a world that cant stop talking,43.55,1,in stock
prodigy the graphic novel legend the graphic novel 2,43.63,3,in stock
persepolis the story of a childhood persepolis 12,39.13,1,in stock
packing for mars the curious science of life in the void,56.68,2,in stock
outliers the story of success,14.16,1,in stock
original fake,31.45,3,in stock
orange is the new black,24.61,2,in stock
one for the money stephanie plum 1,32.87,2,in stock
notes from a small island notes from a small island 1,40.17,1,in stock
night the night trilogy 1,13.51,1,in stock
neither here nor there travels in europe,38.95,3,in stock
naked,31.69,3,in stock
morning star red rising 3,29.4,1,in stock
miracles from heaven a little girl her journey to heaven and her amazing story of healing,57.83,1,in stock
midnight riot peter grant rivers of london  books 1,55.46,2,in stock
me talk pretty one day,57.6,2,in stock
manuscript found in accra,34.98,2,in stock
lust  wonder,11.87,2,in stock
lila gilead 3,12.47,3,in stock
life the universe and everything hitchhikers guide to the galaxy 3,33.26,2,in stock
life without a recipe,59.04,5,in stock
life after life,26.13,2,in stock
letter to a christian nation,22.2,1,in stock
lets pretend this never happened a mostly true memoir,45.11,1,in stock
legend legend 1,43.69,4,in stock
lean in women work and the will to lead,25.02,1,in stock
lamb the gospel according to biff christs childhood pal,55.5,5,in stock
lady renegades rebel belle 3,53.04,5,in stock
jurassic park jurassic park 1,44.97,1,in stock
its never too late to begin again discovering creativity and meaning at midlife and beyond,42.38,1,in stock
is everyone hanging out without me and other concerns,20.11,3,in stock
into the wild,56.7,5,in stock
inferno robert langdon 4,41.0,5,in stock
in the garden of beasts love terror and an american family in hitlers berlin,28.85,3,in stock
if i run if i run 1,49.97,4,in stock
ive got your number,19.69,1,in stock
i am malala the girl who stood up for education and was shot by the taliban,28.88,2,in stock
hungry girl clean  hungry easy allnatural recipes for healthy eating in the real world,33.14,3,in stock
house of lost worlds dinosaurs dynasties and the story of life on earth,43.7,2,in stock
house of leaves,54.89,1,in stock
horrible bear,37.52,2,in stock
holidays on ice,51.07,2,in stock
heir to the sky,44.07,4,in stock
green eggs and ham beginner books b16,10.79,4,in stock
grayson vol 3 nemesis grayson 3,42.72,1,in stock
gratitude,26.66,5,in stock
gone girl,37.6,5,in stock
golden heart of dread 3,42.21,4,in stock
girl in the blue coat,46.83,2,in stock
fruits basket vol 3 fruits basket 3,45.17,2,in stock
friday night lights a town a team and a dream,51.22,3,in stock
fire bound sea havensisters of the heart 5,21.28,4,in stock
fifty shades freed fifty shades 3,15.36,5,in stock
fellside,38.62,1,in stock
extreme prey lucas davenport 26,25.4,3,in stock
eragon the inheritance cycle 1,43.87,3,in stock
eclipse twilight 3,18.74,1,in stock
dune dune 1,54.86,1,in stock
dracula,52.62,3,in stock
do androids dream of electric sheep blade runner 1,51.48,1,in stock
disrupted my misadventure in the startup bubble,15.28,5,in stock
dead wake the last crossing of the lusitania,39.24,5,in stock
david and goliath underdogs misfits and the art of battling giants,17.81,1,in stock
darkfever fever 1,56.02,1,in stock
dark places,23.9,5,in stock
crazy rich asians crazy rich asians 1,49.13,5,in stock
counting thyme,10.62,1,in stock
cosmos,36.17,2,in stock
civilization and its discontents,59.95,2,in stock
cinder the lunar chronicles 1,26.09,1,in stock
catastrophic happiness finding joy in childhoods messy years,37.35,2,in stock
career of evil cormoran strike 3,24.72,2,in stock
breaking dawn twilight 4,35.28,5,in stock
brave enough,51.32,5,in stock
boy meets boy,21.12,3,in stock
born to run a hidden tribe superathletes and the greatest race the world has never seen,27.35,2,in stock
blink the power of thinking without thinking,21.74,5,in stock
black flags the rise of isis,40.87,1,in stock
black butler vol 1 black butler 1,49.31,1,in stock
big little lies,22.11,1,in stock
between shades of gray,20.79,5,in stock
best of my love fools gold 20,27.41,2,in stock
beowulf,38.35,2,in stock
beautiful creatures caster chronicles 1,21.55,5,in stock
awkward,38.02,2,in stock
ash,22.06,4,in stock
are we there yet,10.66,3,in stock
are we smart enough to know how smart animals are,56.58,1,in stock
annie on my mind,36.83,5,in stock
and then there were none,35.01,2,in stock
a walk in the woods rediscovering america on the appalachian trail,30.48,4,in stock
a visit from the goon squad,14.08,5,in stock
a storm of swords a song of ice and fire 3,31.22,2,in stock
a heartbreaking work of staggering genius,54.29,5,in stock
8 keys to mental health through exercise,31.04,1,in stock
girlboss,50.96,1,in stock
the suffragettes little black classics 96,11.89,2,in stock
the sense of an ending,31.38,3,in stock
the sandman vol 2 the dolls house the sandman volumes 2,54.81,1,in stock
the course of love,16.78,3,in stock
sugar rush offensive line 2,24.42,1,in stock
saga volume 2 saga collected editions 2,11.75,3,in stock
run spot run the ethics of keeping pets,20.02,1,in stock
new moon twilight 2,12.86,4,in stock
life,31.58,5,in stock
kindle paperwhite users guide,34.0,3,in stock
h is for hawk,57.42,5,in stock
girl online on tour girl online 2,53.47,1,in stock
fruits basket vol 2 fruits basket 2,11.64,5,in stock
diary of a minecraft zombie book 1 a scare of a dare an unofficial minecraft book,52.88,4,in stock
y the last man vol 1 unmanned y the last man 1,18.51,4,in stock
while you were mine,41.32,5,in stock
where lightning strikes bleeding stars 3,39.77,3,in stock
when im gone,51.96,3,in stock
ways of seeing,39.51,5,in stock
vampire knight vol 1 vampire knight 1,15.4,1,in stock
vampire girl vampire girl 1,53.82,2,in stock
twenty love poems and a song of despair,30.95,4,in stock
travels with charley in search of america,57.82,5,in stock
three wishes river of time california 1,44.18,2,in stock
this one moment pushing limits 1,48.71,1,in stock
the zombie room,19.69,5,in stock
the wicked  the divine vol 1 the faust act the wicked  the divine,36.52,2,in stock
the tumor,41.56,5,in stock
the story of hong gildong,43.19,4,in stock
the silent wife,12.34,5,in stock
the silent twin detective jennifer knight 3,36.25,3,in stock
the selfish gene,29.45,1,in stock
the secret healer,34.56,3,in stock
the sandman vol 1 preludes and nocturnes the sandman volumes 1,54.12,3,in stock
the republic,33.78,3,in stock
the odyssey,29.64,3,in stock
the no 1 ladies detective agency no 1 ladies detective agency 1,57.7,4,in stock
the nicomachean ethics,36.34,1,in stock
the name of the wind the kingkiller chronicle 1,50.59,3,in stock
the mirror  the maze the wrath and the dawn 15,29.38,1,in stock
the little prince,45.42,2,in stock
the light of the fireflies,54.43,1,in stock
the last girl the dominion trilogy 1,36.26,2,in stock
the iliad,16.16,1,in stock
the hook up game on 1,36.29,5,in stock
the haters,27.89,5,in stock
the girl you lost,12.29,5,in stock
the girl in the ice dci erika foster 1,15.85,3,in stock
the end of the jesus era an investigation 1,14.4,1,in stock
the edge of reason bridget jones 2,19.18,4,in stock
the complete maus maus 12,10.64,3,in stock
the communist manifesto,14.76,3,in stock
the bhagavad gita,57.49,3,in stock
the bette davis club,30.66,3,in stock
the art of not breathing,40.83,4,in stock
taking shots assassins 1,18.88,2,in stock
starlark,25.83,3,in stock
skip beat vol 01 skip beat 1,42.12,3,in stock
sister sable the mad queen 1,13.33,3,in stock
shatter me shatter me 1,42.4,1,in stock
shameless,58.35,3,in stock
shadow rites jane yellowrock 10,21.72,4,in stock
settling the score the summer games 1,44.91,2,in stock
sense and sensibility,37.46,1,in stock
saga volume 1 saga collected editions 1,28.48,1,in stock
rhythm chord  malykhin,28.34,2,in stock
rat queens vol 1 sass  sorcery rat queens collected editions 15,46.96,5,in stock
paradise lost paradise 1,24.96,1,in stock
paper girls vol 1 paper girls 15,21.71,4,in stock
ouran high school host club vol 1 ouran high school host club 1,29.87,3,in stock
origins alphas 05,28.99,1,in stock
one second seven 7,52.94,2,in stock
on the road duluoz legend,32.36,3,in stock
old records never die one mans quest for his vinyl and his past,55.66,2,in stock
off sides off 1,39.45,5,in stock
of mice and men,47.11,2,in stock
myriad prentor 1,58.75,4,in stock
my perfect mistake over the top 1,38.92,2,in stock
ms marvel vol 1 no normal ms marvel 20142015 1,39.39,4,in stock
meditations,25.89,2,in stock
matilda,28.34,1,in stock
lost among the living,27.7,4,in stock
lord of the flies,24.89,3,in stock
listen to me fusion 1,58.99,3,in stock
kitchens of the great midwest,57.2,5,in stock
jane eyre,38.43,5,in stock
imperfect harmony,34.74,4,in stock
icing aces hockey 2,40.44,4,in stock
hawkeye vol 1 my life as a weapon hawkeye 1,45.24,3,in stock
having the barbarians baby ice planet barbarians 75,34.96,4,in stock
giant days vol 1 giant days 14,56.76,4,in stock
fruits basket vol 1 fruits basket 1,40.28,5,in stock
frankenstein,38.0,2,in stock
forever rockers the rocker 12,28.8,3,in stock
fighting fate fighting 6,39.24,3,in stock
emma,32.93,2,in stock
eat pray love,51.32,3,in stock
deep under walker security 1,47.09,5,in stock
choosing our religion the spiritual lives of americas nones,28.42,4,in stock
charlie and the chocolate factory charlie bucket 1,22.85,3,in stock
charitys cross charles towne belles 4,41.24,1,in stock
bright lines,39.07,5,in stock
bridget joness diary bridget jones 1,29.82,1,in stock
bounty colorado mountain 7,37.26,4,in stock
blood defense samantha brinkman 1,20.3,3,in stock
bleach vol 1 strawberry and the soul reapers bleach 1,34.65,5,in stock
beyond good and evil,43.38,1,in stock
alice in wonderland alices adventures in wonderland 1,55.53,1,in stock
ajin demihuman volume 1 ajin demihuman 1,57.06,4,in stock
a spys devotion the regency spies of london 1,16.97,5,in stock
1st to die womens murder club 1,53.98,1,in stock
1000 places to see before you die,26.08,5,in stock
